langID,ntaname,language,ela,wiki,ethno,country1,country2,Continent,region,description,endagerment,institution,type,hid,id,latitude,longitude,status
51,Elmhurst,Acehnese,,https://en.wikipedia.org/wiki/Acehnese_language,https://www.ethnologue.com/language/ace,Indonesia,,Asia,Sumatra,Formerly Acehnese  was written in an Arabic script called Jawoe or Jawi in Malay. Since colonization by the Dutch Acehnese has been written in the Latin script with the addition of supplementary letters. ,6b (Threatened),Al-Hikmah Mosque,religious,ace,achi1257,3.90757,96.6032,safe
91,Hollis,African-American English,,https://en.wikipedia.org/wiki/African_American_Vernacular_English,NULL,United States,,North America,Parts of the United States with a signficant African-American population,"Prominent early rappers from Hollis, including the members of Run-D.M.C., were on the cutting edge of linguistic innovation in the 1980's: they spread new words and phrases from local varieties of African American dialects to the wider world",Unknown,NULL,NULL,NOCODE_AAE,NOCODE_AAE,,,safe
138,Glendale,Albanian (Tosk),,https://en.wikipedia.org/wiki/Albanian_language,https://www.ethnologue.com/language/sqi,Albania,Kosovo; Macedonia; Montenegro; Serbia and Greece,Europe,Area surrounding Albania and Greece,"The Albanian-speaking community in New York, including speakers of both Tosk and Gheg varieties and even some speakers of the Albanian dialects preserved for centuries in southern Italy, is the largest in the United States.",1 (National),Albanian-American Islamic Center of Queens 7224 Myrtle Ave,religious,als,gheg1238,42.317,21.3837,safe
2,Astoria,Algerian Arabic,,https://en.wikipedia.org/wiki/Algerian_Arabic,https://www.ethnologue.com/language/aao,Algeria,,Africa,,Algerian Arabic is the native language of 75% to 80% of Algerians. It is essentially a spoken language used in daily communication and entertainment while Classical Arabic is generally reserved for official use and education.,3 (Wider communication),Caffe Borbone - Algerian-managed gathering spot for Algerian World Cup games,restaurant,arq,alge1239,35.4208,3.23033,safe
100,Jackson Heights,Amdo Tibetan,,https://en.wikipedia.org/wiki/Amdo_Tibetan,https://www.ethnologue.com/language/adx,China,,Asia,Qinghai,"Amdo speakers, many of whom were raised as nomadic pastoralists, speak a number of different dialects, related to other kinds of Tibetan but usually mutually unintelligible.",6a (Vigorous),Amdo Kitchen,restaurant,adx,amdo1237,34.5177,100.485,safe
56,Elmhurst,American Sign Language,,https://en.wikipedia.org/wiki/American_Sign_Language,https://www.ethnologue.com/language/ase,United States,,North America,,ASL originated in the early 19th century in the American School for the Deaf (ASD) in Hartford Connecticut from a situation of language contact. Contrary to popular belief American Sign Language is not based on oral English. Rather it is a distinct language and sign languages globally show they same types of variety as spoken languages do.,5 (Developing),Lexington School for the Deaf,school,ase,amer1248,33.8117,language,safe
61,Far Rockaway-Bayswater,Amharic,,https://en.wikipedia.org/wiki/Amharic,https://www.ethnologue.com/language/amh,Ethiopia,,Africa,,Amharic is widely spoken in Washington DC and was one of six non-English languages in the Language Access Act of 2004 which allows government services and education in Amharic. Amharic is also considered a holy language by the Rastafari.,1 (National),,,amh,amha1245,11.708182,39.543456,safe
22,Corona,Amuzgo,http://elalliance.org/languages/meso-america/amuzgo/,https://en.wikipedia.org/wiki/Amuzgo_language,https://www.ethnologue.com/language/amu,Mexico,NULL,North America,Guerrero Oaxaca,Amuzgo-language programming is carried by the CDI's radio station XEJAM based in Santiago Jamiltepec Oaxaca and by the community radio station Radio Nomndaa in Xochistlahuaca-Suljaa.,5 (Developing),NULL,NULL,amu,guer1243,16.77,-98.19,vulnerable
164,Hunters Point-Sunnyside-West Maspeth,Armenian,,https://en.wikipedia.org/wiki/Armenian_language,https://www.ethnologue.com/language/hye,Armenia,Cyprus; Iraq; Hungary; Poland; Romania; Ukraine,Asia,Armenian Highlands,Armenian has a long literary history with a 5th-century Bible translation as its oldest surviving text.,1 (National),Romanian Garden,restuarant,hye,nucl1235,40,45,severely endangered
18,Astoria,Asturian,,https://en.wikipedia.org/wiki/Asturian_language,https://www.ethnologue.com/language/ast,Spain,,Europe,asturias,,6b (Threatened),Centro Asturiano de Nueva York Centro Espanol de Queens 4101 Broadway Astoria NY. 11103,community center,ast,astu1245,42.4181,-6.02227,definitely endangered
92,Jackson Heights,Aymara,,https://en.wikipedia.org/wiki/Aymara_language,https://www.ethnologue.com/language/aym,Bolivia,Peru; Chile,South America,Western Bolivia bordering areas in Chile and Peru,"At the time of Spanish conquest in the 16th century, Aymara had a much wider geographic distribution than it does today. Over time it has gradually lost speakers to Quechua and Spanish, but it remains one of the largest indigenous languages of the Americas.",6b (Threatened),Kullawara Rebeldes,performance group,ayc,sout2996,-17.14,-70.34,at risk
103,Jackson Heights,Bahing,,https://en.wikipedia.org/wiki/Bahing_language,https://www.ethnologue.com/language/bhj,Nepal,,Asia,Eastern Nepal Okhaldhunga district Khotang District,"The Bayung (Bahing) population is nearly 3,000, but in contrast to the larger Kiranti languages Bantawa and Sunwar, the language is spoken by only about 900 adults (Rapacha 2008).",6a (Vigorous),Kirat Manghim Mangkhim Community Center - 77th and Roosevelt Ave,community center,bhj,bahi1252,27.3323,86.3949,definitely endangered
157,St. Albans,Bambara,,https://en.wikipedia.org/wiki/Bambara_language,https://www.ethnologue.com/language/bam,Mali,Mali,Africa,Central southern Mali,It is estimated that about 80 percent of the population of Mali speak Bambara as a first or second language.,1 (National),,,bam,bamb1269,12.0401,-9.98949,safe
104,Jackson Heights,Bantawa,,https://en.wikipedia.org/wiki/Bantawa_language,https://www.ethnologue.com/language/bap,Nepal,,Asia,Eastern Himalayan Hills of eastern Nepal,"Bantawa is the Kiranti language with the largest group of speakers and there were reported to be 371,056 people who consider themselves Bantawa as of 2001 (Doornenbal, 2009). Though the language is still being passed down to the younger generation, there is a good deal of pressure to speak the national language of Nepali.",6b (Threatened),Kirat Manghim Mangkhim Community Center - 77th and Roosevelt Ave,community center,bap,bant1281,27.12147,87.04738,vulnerable
200,Rego Park,Bartangi,http://elalliance.org/languages/iranic/bartangi/,,,Tajikistan,,Asia,Pamir,,,"Ismaili Jamatkhana 92-68 Queens Blvd. Rego Park, NY",religious,,,,,
43,Elmhurst,Batak,,https://en.wikipedia.org/wiki/Batak#Language,https://www.ethnologue.com/language/bya,Indonesia,,Asia,Northern Sumatra,"The Batak possess their own script, known as the Surat Batak, which has primarily been used in religious and ceremonial settings.",7 (Shifting),,,bya,bata1301,10.1115,119.025,definitely endangered
90,Glendale,Bavarian,,https://en.wikipedia.org/wiki/Bavarian_language,https://www.ethnologue.com/language/bar,Bavaria (Germany),Austria; South Tyrol,Europe,Austria Bavaria South Tyrol,Reading and writing in Bavarian is generally not taught at schools so almost all speakers of the language use Standard German for writing.,5 (Developing),Zum Stammtisch,restuarant,bar,bava1246,47.9232,13.246,vulnerable
154,South Ozone Park,Bengali,,https://en.wikipedia.org/wiki/Bengali_language,https://www.ethnologue.com/language/ben,Bangladesh,India,Asia,West Bengal Barak Valley Tripura,Bengali literature is one of the most diverse and prominent literary traditions in Asia. Language continues to be an important element of Bengali identity. Bengali is also the seventh most commonly spoken langauge worldwide.,1 (National),,,ben,beng1280,24,90,safe
109,Jackson Heights,Bengali,,https://en.wikipedia.org/wiki/Bengali_language,https://www.ethnologue.com/language/ben,Bangladesh,India,Asia,West Bengal Barak Valley Tripura,Bengali literature is one of the most diverse and prominent literary traditions in Asia. Language continues to be an important element of Bengali identity. Bengali is also the seventh most commonly spoken langauge worldwide.,1 (National),,,ben,beng1280,24,90,safe
114,Jamaica,Bishnupriya Manipuri,http://elalliance.org/languages/other/bishnupriya-manipuri/,https://en.wikipedia.org/wiki/Bishnupriya_Manipuri_language#Speakers,https://www.ethnologue.com/language/bpy,India,Bangladesh; Burma; other countries,Asia,Assam (Indian state) northeast India Sylhet region of Bangladesh Burma,"Pouri International Publishing, in Jamaica, nurtures the Bishnupupriya Manipuri language, which has been restricted in Bangladesh-itself born out of protest against the imposition of the Urdu languages-was founded in 1971.",4 (Educational),"Pouri International Publishing 170-06 88th Ave Jamaica NY 11432",store,bpy,bish1244,24.46,92.02,vulnerable
39,Elmhurst,Bolivian Quechua,,https://en.wikipedia.org/wiki/South_Bolivian_Quechua,https://www.ethnologue.com/language/quh,Bolivia,NULL,South America,NULL,Southern Bolivian Quechua is the most widely spoken indigenous language in Bolivia.,5 (Developing),NULL,NULL,qul,nort2976,-14.4,-68.79,safe
3,Astoria,Bosnian,,https://en.wikipedia.org/wiki/Bosnian_language,https://www.ethnologue.com/language/bos,Bosnia,,Europe,,"Bosnian, Croatian, Montenegrin, and Serbian can be considered different national variants and official registers of the pluricentric Serbo-Croatian language.",1 (National),Islamic Unity & Cultural Center of Plav-Gusinje,community center,bos,bosn1245,42.9331,17.6704,definitely endangered
8,Astoria,Brazilian Portuguese,,https://en.wikipedia.org/wiki/Brazilian_Portuguese,https://www.ethnologue.com/language/por,Brazil,NULL,South America,NULL,Nearly everyone in Brazil speaks Brazilian Portuguese as a native language (often in addition to other languages),1 (National),36th Ave (Rio Market),shop,NOCODE_Brazilian-Portuguese,braz1246,-15.5,-48,safe
19,Astoria,Breton,http://elalliance.org/languages/celtic/breton/,https://en.wikipedia.org/wiki/Breton_language,https://www.ethnologue.com/language/bre,France,,Europe,Brittany,There has been a recent push for children to attend bilingual Breton classes coinciding with efforts to revitalize Breton language use.,7 (Shifting),Cafe Triskell,restaurant,bre,bret1244,48.2452,-3.78934,severely endangered
50,Elmhurst,Buginese,,https://en.wikipedia.org/wiki/Buginese_language,https://www.ethnologue.com/language/bug,Indonesia,Malaysia,Asia,,"The I La Galigo, the lengthy Bugis epic, is one of the masterpieces of traditional Indonesian literature.",3 (Wider communication).,Al-Hikmah Mosque,religious,bug,bugi1244,-4.47,119.977,safe
84,Forest Hills,Bukhori,http://elalliance.org/languages/iranic/bukhori-2/,https://en.wikipedia.org/wiki/Bukhori_dialect,https://www.ethnologue.com/language/bhh,Israel,Uzbekistan; Israel,Middle East,Central Asia and throughout the diaspora by Bukharan Jews,"Spoken by the highly multilingual Bukharian Jews of Central Asia, Bukhori can be considered a variety of Tajik (or Persian) from which it may differ depending on religious, social, or other context.",7 (Shifting),NULL,NULL,bhh,bukh1238,41,64,safe
228,Sunnyside,Bumthang,,,,Bhutan,,Asia,,,,Bhutan Corner (4545 47th St),shop,kjz,,,,
183,Woodside,Burmese,,https://en.wikipedia.org/wiki/Burmese_language,https://www.ethnologue.com/language/mya,Myanmar,,Asia,Throughout Myanmar,,1 (National),Hazrat-I-Abubaker Sadiq mosque,community center,mya,nucl1310,20.7926,93.9665,safe
193,Ozone Park,Calabrese,,https://en.wikipedia.org/wiki/Languages_of_Calabria#Calabrian_.28Calabrese.29,https://www.ethnologue.com/language/nap,Italy,Italy,Europe,Calabria Italy,Calabrian dialects have a strong Greek influence as a result there is a sizable population of Calabrian Greek speakers,5 (Developing),NULL,NULL,nap,neap1235,39.23,16.42,vulnerable
149,Ridgewood,Calabrese,,https://en.wikipedia.org/wiki/Languages_of_Calabria#Calabrian_.28Calabrese.29,https://www.ethnologue.com/language/nap,Italy,Italy,Europe,Calabria Italy,,5 (Developing),NULL,NULL,nap,neap1235,39.23,16.42,vulnerable
68,Flushing,Cantonese,,https://en.wikipedia.org/wiki/Cantonese,https://www.ethnologue.com/language/yue,China,NULL,Asia,Hong Kong Macau,"Also called Yue, Cantonese is one of the world's largest languages and was the original language of most Chinatowns worldwide, but has a well-established official status only in the small special administrative region of Hong Kong.",2 (Provincial),Flushing Main St,neighborhood,yue,yuec1235,23,113,safe
133,Richmond Hill,Caribbean Hindustani,,https://en.wikipedia.org/wiki/Caribbean_Hindustani,https://www.ethnologue.com/language/hns,Trinidad and Tobago,Suriname; Guyana,South America,Parts of the Caribbean,Caribbean Hindustani is the lingua franca of most Indo-Caribbeans.,5 (Developing),The Rajkumari Cultural Center Inc. 122-09 Liberty Ave 2nd Fl Richmond Hill NY 11419,community center,hns,cari1275,5.722918,-55.333168,safe
173,Woodside,Cebuano,,https://en.wikipedia.org/wiki/Cebuano_language,https://www.ethnologue.com/language/ceb,Philippines,Philippines,Asia,Central Visayas eastern Negros Island Region western parts of Eastern Visayas southern portion of Masbate Mindanao,"With 21 million speakers, Cebuano is the second most commonly spoken language in the Philippines after Tagalog.",3 (Wider communication),Al-Hikmah Mosque,religious,ceb,cebu1242,8.38799,124.367,safe
95,Jackson Heights,Chantyal,,https://en.wikipedia.org/wiki/Chantyal_language,https://www.ethnologue.com/language/chx,Nepal,Nepal,Asia,Baglung and Myagdi districts,,6b (Threatened),AJ Yellow Taxi Tutors,school,chx,chan1310,28.684,83.4488,definitely endangered
201,Astoria,Chaouia,,,,Morocco,,Africa,,,,Steinway Street and 25th Ave,,shy,,,,
176,Woodside,Chavacano,,https://en.wikipedia.org/wiki/Chavacano,https://www.ethnologue.com/language/cop,Philippines,Philippines,Asia,Zamboanga Peninsula,Chavacano evolved as the only Spanish-based creole in Asia.,4 (Educational),,,cbk,chav1241,7.435034,122.18849,safe
86,Glendale,Chin,,https://en.wikipedia.org/wiki/Hakha_Chin_language,https://www.ethnologue.com/language/cnh,Myanmar,India; Bangladesh,Asia,Chin State,Chin is used as the lingua franca in most parts of the Chin state (Myanmar) despite the fact that there is no official language,3 (Wider Communication),Myanmar Baptist Church 7927 78th Ave Glendale NY 11385,religious,cnh,haka1240,22.87,92.82,safe
202,Sunnyside,Chocha-Ngacha,,,,Bhutan,,Asia,,,,Bhutan Corner (4545 47th St),shop,cgk,,,,
134,Ridgewood,Coptic,,https://en.wikipedia.org/wiki/Coptic_language,https://www.ethnologue.com/language/cop,Egypt,Egypt,Africa,Only in Egypt,"The last descendant of the Egyptian language of the pharoahs, Coptic has not been used in daily life for centuries. But, it lives on in Queens as a litrugical language among the Egyptian Christian congregations at St. Mary and St. Antonio's Coptic Orthodox Church. ",9 (Dormant),"St. Mary and St. Antonious' Coptic Church, 606 Woodward Avenue",religious,cop,copt1239,29.472,31.2053,extinct
6,Astoria,Cretan,,https://en.wikipedia.org/wiki/Cretan_Greek,NA,Greece,NULL,Europe,Crete,,Unknown,Minos Cretan Society,community center,NOCODE_Cretan,NOCODE_Cretan,,,critically endangered
9,Astoria,Croatian,,https://en.wikipedia.org/wiki/Croatian_language,https://www.ethnologue.com/language/hrv,Croatia,,Europe,,,1 (National),Rudar,restaurant,hrv,croa1245,45.2006,16.826,definitely endangered
7,Astoria,Cypriot Greek ,,https://en.wikipedia.org/wiki/Cypriot_Greek,https://www.ethnologue.com/language/ell,Greece,NULL,Europe,Cyprus,,1 (National),Zenon Taverna,restaurant,NOCODE_Cypriot-Greek,cypr1249,,,safe
15,Astoria,Czech,,https://en.wikipedia.org/wiki/Czech_language,https://www.ethnologue.com/language/ces,Czech Republic,Slovakia; Poland,Europe,,,1 (National),Bohemian Beer Hall,restuarant,ces,czec1258,49.873398,15.10437,safe
203,Ridgewood,Danube Swabian,,,,Germany,,Europe,,,,"Danube Swabian Aid and Youth Society of New York, 576 Fairview Ave (former)",club,swg,,,,
80,Flushing,Dari,,https://en.wikipedia.org/wiki/Dari_language,https://www.ethnologue.com/language/prs,Afghanistan,Afghanistan,Asia,Northern western and central areas of Afghanistan,"Dari, the name now used for Persian in Afghanistan, is the most widely spoken language in the country.",1 (National),Hazrat-I-Abubaker Sadiq mosque,religious,prs,dari1249,31.0405,67.3593,safe
54,Elmhurst,Dolpo,,https://en.wikipedia.org/wiki/Dolpo,https://www.ethnologue.com/language/dre,Nepal,,Asia,Western,Dolpo literacy classes are being planned in Nepal. Most Dolpo speakers read Nepali before they read Dolpo.,5 (Developing),,,dre,dolp1239,29.1957,83.2927,definitely endangered
132,Richmond Hill,Dutch,,https://en.wikipedia.org/wiki/Dutch_language,https://www.ethnologue.com/language/nld,Netherlands,Belgium and Suriname; some Caribbean islands,Europe,Low Countries southern tip of Africa Indonesia,Dutch is taught in about 175 universities in 40 countries.,1 (National),Liberty Avenue and 128th St.,neighborhood,nld,dutc1256,52,5,safe
165,Hunters Point-Sunnyside-West Maspeth,Dzongkha,,https://en.wikipedia.org/wiki/Dzongkha,https://www.ethnologue.com/language/dzo,Bhutan,Bhutan,Asia,Western Bhutan,"Dzongkha, the national language of Bhutan, is being actively promoted by the government, but other languages are very widely spoken as well, and most Bhutanese are highly multilingual.",1 (National),Boon by Moldova,restaurant,dzo,dzon1239,27.410786,89.581604,vulnerable
1,Astoria,Egyptian Arabic,,https://en.wikipedia.org/wiki/Egyptian_Arabic,https://www.ethnologue.com/country/eg/languages,Egypt,,Africa,,Egyptian Arabic is widely understood through the Middle East due to the prominence of Egyptian popular culture.,3 (Wider communication),Little Egypt (28th Ave and Astoria Blvd),neighborhood,arz,egyp1253,31,31,safe
225,Queens Village,French,,,,France,,Europe,,,,,,,,,,
224,Astoria,French,,,,France,,Europe,,,,Steinway and 25th Ave,,,,,,
192,Ozone Park,Friulian,,https://en.wikipedia.org/wiki/Friulian_language,https://www.ethnologue.com/language/fur,Italy,,Europe,Veneto,,4 (Educational),,,fur,friu1240,46.1473,13.0493,definitely endangered
150,College Point,Friulian,,https://en.wikipedia.org/wiki/Friulian_language,https://www.ethnologue.com/language/fur,Italy,Italy,Europe,Friuli (Northeast Italy),,4 (Eduational),"FamЏe Furlane of N.A. Club, 20„08 127th Street College Point NY 11356",club,fur,friu1240,46.1473,13.0493,definitely endangered
17,Astoria,Galician,,https://en.wikipedia.org/wiki/Galician_language,https://www.ethnologue.com/language/glg,Spain,,Europe,galicia,,2 (Provincial),Casa Galicia,restuarant/club,glg,gali1258,42.2446,-7.5343,safe
204,Flushing,Gan,,,,China,,Asia,Jiangxi (China),,,,,gan,,,,
205,Ozone Park,Garo,,,,Bangladesh,,Asia,,"Approximately 20-30 speakers of Garo, originally from Bangladesh, now live in Jackson Heights or Ozone Park.",,,,grt,,,,
147,Ridgewood,German,,https://en.wikipedia.org/wiki/German_language,https://www.ethnologue.com/language/deu,Germany,Austria; Switzerland; Liechtenstein,Europe,Germany and bordering areas Namibia German diaspora,Most widely spoken native language in the European Union,1 (National),German Language School (Fresh Pond),school,deu,stan1295,48.649,12.4676,safe
96,Jackson Heights,Ghale,,https://en.wikipedia.org/wiki/Ghale_language,https://www.ethnologue.com/language/ghh,Nepal,Nepal,Asia,GorkhжЃ and DhжЃdi__† districts,There are two varieties of Ghale Northern and Southern Southern has about 4 times as many speakers as Northern,6a (Vigorous),NULL,NULL,ghe,sout2715,28.11,84.85,definitely endangered
137,Ridgewood,Gottscheerisch,,https://en.wikipedia.org/wiki/Gottscheerish,NA,Slovenia,Scattered around the world,Europe,Global,"The Gottscheers speak a unique dialect of German that developed in the isolation of their forested home in what's now Slovenia. The language there is all but lost, but it survives among older speakers who congregate in Ridgewood's Gottscheer Hall.",8a (Moribund),Gottscheer Hall,restaurant,NOCODE_GOTTSCHEERISCH,NOCODE_GOTTSCHEERISCH,45.64,14.86,critically endangered
4,Astoria,Greek,,https://en.wikipedia.org/wiki/Greek_language,https://www.ethnologue.com/language/pnt,Greece,Ukraine; Cyprus; Albania; Macedonia; Montenegro,Europe,NULL,,1 (National),Federation of Hellenic Societies of Greater New York Inc.,community center,ell,mode1248,42.32,24.87,safe
160,Hunters Point-Sunnyside-West Maspeth,Guarani,,https://en.wikipedia.org/wiki/Guarani_language,https://www.ethnologue.com/language/grn,Paraguay,Bolivia; Brazil; Argentina; Uruguay,South America,South America especially in Paraguay and surrounding areas,Guarani is the only indigenous language of South America whose speakers include a large proportion of non-indigenous people. Here at the I Love Paraguay restaurant you can hear it spoken by Praguayans of various ethnicities.,1 (National),Manang Samaj 51-01 39th Avenue Sunnyside NY 11104,unknown,gug,para1311,-25.61,-57.09,safe
85,Fresh Meadows-Utopia,Gujarati,,https://en.wikipedia.org/wiki/Gujarati_language,https://www.ethnologue.com/language/guj,India,Pakistan,Asia,Gujarat,Gujarati was the first language of Mahatma Gandhi and Muhammad Ali Jinnah and is spoken by approximately 4.5% of the Indian population.,2 (Provincial),Gujarati Samaj 173-15 Horace Harding Expy Fresh Meadows NY 11365,religious,guj,guja1252,22.687,71.0962,safe
58,Elmhurst,Gurung,http://elalliance.org/languages/himalayas/gurung/,https://en.wikipedia.org/wiki/Gurung_language,https://www.ethnologue.com/language/gvr,Western Nepal,India,Asia,,,6b (Threatened),"Gurung Tamu Society 3224 71st StEast Elmhurst New York",community center,gvr,guru1261,27.41687,86.28988,threatened
206,Richmond Hill,Guyanese Creole,,,,Guyana,,,,,,"Sybil's, 15924 Hillside Ave",restaurant,gyn,,,,
182,Woodside,Gyalsumdo,,https://en.wikipedia.org/wiki/Kyirong-Kagate_language,https://www.ethnologue.com/language/tdg,Nepal,Tibet,Asia,Lower Manang valley,"Housed in an old church, the United Sherpa Association's multicolored decor welcomes members of the wider community who have migrated from the Himalayas' peaks to the corners of Queens.",6b (Threatened),"Gyalsumdo Sewa Sanstha 39-06 62nd Street 3cWoodside New York 11377",community center,tdg,west2415,28.02,85.06,
207,Queens Village,Haitian Creole,,,,Haiti,,,,,,,,hat,,,,
70,Flushing,Hakka,,https://en.wikipedia.org/wiki/Hakka_Chinese,https://www.ethnologue.com/language/hak,China,Cambodia; Taiwan,Asia,Southwest,,5 (Developing),Hakka Alliance 133-51 37Th Avenue 4th Floor Flushing New York 11354,community center,cnh,haka1240,22.87,92.82,safe
208,Flushing,Hazara,,,,Afghanistan,,Asia,,,,"Hazrat-I-Abubaker Sadiq mosque, 141-47 33rd Ave",religious,haz,,,,
120,Kew Gardens Hills,Hebrew,,https://en.wikipedia.org/wiki/Hebrew_language,https://www.ethnologue.com/language/heb,Israel,UK; USA; Argentina other countries,Middle East,Israel,"The revival of Hebrew as a living mother tongue was inititated in the late 19th century and is considered a significant, if challenging, model for language revitalization worldwide.",1 (National),Main St. near 73rd Ave.,neighborhood,heb,hebr1245,31.11,35.02,safe
111,Flushing,Hindi,,https://en.wikipedia.org/wiki/Hindi,https://www.ethnologue.com/language/hin,India,Fiji; Mauritius; Suriname,Asia,Native to northern India,,1 (National),Hindu Temple Society of North America,religious,hin,hind1269,21.26,86.68,safe
67,Flushing,Hokkien,,https://en.wikipedia.org/wiki/Hokkien,https://www.ethnologue.com/language/nan,China,NULL,Asia,NULL,,6a (Vigorous),Flushing Main St,neighborhood,nan,minn1241,24.5,118.17,vulnerable
168,Woodside,Hyolmo,,https://en.wikipedia.org/wiki/Yolmo_language,https://www.ethnologue.com/language/scp,Nepal,Nepal,Asia,South-central Nepal Nuwakot district Sindhupalchowk district,,6a (Vigorous),Bhutan Corner (4545 47th St),shop,scp,hela1238,27.92,85.63,vulnerable
179,Woodside,Ibaloi,,https://en.wikipedia.org/wiki/Ibaloi_language,https://www.ethnologue.com/language/ibl,Philippines,Philippines,Asia,Luzon,The Ibaloi are one of many ethno-linguistic indigenous tribes who live in the Benguet Province in Northern Luzon.,5 (Developing),,,ibl,ibal1244,16.4263,120.695,safe
178,Woodside,Ibanag,,https://en.wikipedia.org/wiki/Ibanag_language,https://www.ethnologue.com/language/ibg,Philippines,Philippines,Asia,Northern Luzon,Ibanag is now taught in Philippine schools as an effort to preserve indigenous cultures and promote early childhood literacy in students' native langauge.,4 (Educational),,,ibg,iban1267,17.4201,121.891,safe
155,St. Albans,Igbo,,https://en.wikipedia.org/wiki/Igbo_language,https://www.ethnologue.com/language/ibo,Nigeria,,Africa,southeastern Nigeria Equatorial Guinea,,1 (National),,,ibo,nucl1417,4.62705,7.23441,safe
174,Woodside,Ilokano,,https://en.wikipedia.org/wiki/Ilocano_language,https://www.ethnologue.com/language/ILO,Philippines,Philippines,Asia,Northern Luzon and most parts of Central Luzon,Ilokano is the 3rd most spoken language in the Philippines and it is now being used as a medium of instruction until 6th grade.,3 (Wider communication),Phil-Am Foods,store,ilo,ilok1237,15.94,120.99,safe
231,Woodside,Ilonggo,,,,Philippines,,Asia,,,,House of Inasal,restaurant,hil,,,,
41,Elmhurst,Indonesian,,https://en.wikipedia.org/wiki/Indonesian_language,https://www.ethnologue.com/language/ind,Indonesia,,Asia,,Indonesia is the fourth most populated country in the world and nearly all Indonesians speak Indonesian (also called Bahasa Indonesia) making it one of the most commonly spoken languages in the world. ,1 (National),Upi Jaya,restaurant,ind,indo1316,-7.33458,109.716,safe
117,Jamaica Estates-Holliswood,Iraqi Judeo-Arabic,,https://en.wikipedia.org/wiki/Judeo-Iraqi_Arabic,https://www.ethnologue.com/language/yhd,Israel,Iraq,Middle East,Israel Iraq,,7 (Shifting),Congregation Bene Nahharayim ,religious,yhd,jude1266,31.53,41.26,critically endangered
122,Queensbridge-Ravenswood-Long Island City,Irish,http://elalliance.org/languages/celtic/irish/,https://en.wikipedia.org/wiki/Irish_language,https://www.ethnologue.com/language/gle,Ireland,Ireland,Europe,Ireland mainly Gaeltacht,Members of the Club Leabhar Nua Eabhrac meet regularly at the New York Irish Center and nurture an endangered language with deep roots in the city: the first Irish language newspaper was printed not in Ireland-but in Brooklyn.,1 (National),New York Irish Center,community center,gle,iris1253,53.2186,-7.61509,definitely endangered
12,Astoria,Istrioto,,https://en.wikipedia.org/wiki/Istriot_language,https://www.ethnologue.com/language/ist,Croatia,NULL,Europe,NULL,,7 (Shifting),Istria Sports Club,club,ist,istr1244,45.09,13.64,critically endangered
11,Astoria,Istro-Veneto,,https://en.wikipedia.org/wiki/Venetian_language,https://www.ethnologue.com/language/vec,Italy,Croatia,Europe,Veneto,Istro-Veneto is a dialect of Venetian that developed on the Istrian Peninsula that is now part of Croatia.,5 (Developing),Istria Sports Club,club,vec,vene1258,45.5,12.21,vulnerable
233,Ozone Park,Italian,,,,Italy,,Europe,,,,,,,,,,
229,Ridgewood,Italian,,,,Italy,,Europe,,,,,,,,,,
23,Corona,Ixil,,https://en.wikipedia.org/wiki/Ixil_language,https://www.ethnologue.com/language/ixl,Guatemala,,South America,Ixil area,Because of how it is situated  in the Cuchumatanes mountains Ixil speakers have remained largely isolated. ,4 (Educational),,,ixl,ixil1251,15.4569,language,safe
83,Forest Hills,Japanese,,https://en.wikipedia.org/wiki/Japanese_language,https://www.ethnologue.com/language/jpn,Japan,Brazil; United States; 24 other countries,Asia,Japan,,1 (National),,,jpn,nucl1643,35,135,safe
42,Elmhurst,Javanese,,https://en.wikipedia.org/wiki/Javanese_language,https://www.ethnologue.com/language/jav,Indonesia,Malasia; Singapore,Asia,Java,Javanese is the 10th largest spoken language in the world but the largest without official status. Javanese is written with the Latin script Javanese script and Arabic script and althrough the Latin script is currently most popular the Javanese script is taught as part of the compulsory education in Yogyakarta Central and East Java.,4 (Educational),Sky Cafe 8620 Whitney Ave Queens NY,restuarant,jav,java1254,-0.572307,110.885,safe
188,Jackson Heights,K'iche',,https://en.wikipedia.org/wiki/K%27iche%27_language,https://www.ethnologue.com/language/quc,Guatemala,NULL,South America,NULL,K'iche' is the second-most widely spoken language in the country after Spanish. Most speakers of K'iche' languages also have at least a working knowledge of Spanish.,5 (Educational),NULL,NULL,quc,kich1262,14.5278,language,vulnerable
38,Corona,K'iche',,https://en.wikipedia.org/wiki/K%27iche%27_language,https://www.ethnologue.com/language/quc,Guatemala,,South America,,K'iche is the second-most widely spoken language in Guatemala after Spanish. Most speakers of K'iche' languages also have at least a working knowledge of Spanish.,4 (Educational),,,quc,kich1262,14.5278,language,vulnerable
209,Astoria,Kabyle,,,,Algeria,,Africa,,,,Steinway Street and 25th Ave,,kab,,,,
88,Glendale,Kachin,,https://en.wikipedia.org/wiki/Jingpho_language,https://www.ethnologue.com/language/kac,Myanmar,China; India,Asia,Kachin State Yingjiang County,,3 (Wider communication),Myanmar Baptist Church 7927 78th Ave Glendale NY 11387,religious,kac,kach1280,25.46,97.33,safe
210,Jamaica,Kalabari (Ijaw),,,,Nigeria,,Africa,,,,"Kalabari Association, 146-05 Hillside Avenue",community center,ijn,,,,
230,Flushing,Kannada,,,,India,,Asia,,,,Hindu Temple Society of North America,religious,,,,,safe
175,Woodside,Kapampangan,,https://en.wikipedia.org/wiki/Kapampangan_language,https://www.ethnologue.com/language/pam,Philippines,Philippines,Asia,Central Luzon,,3 (Wider communication),NULL,NULL,pam,pamp1243,14.96,120.5,safe
87,Glendale,Karen,,https://en.wikipedia.org/wiki/Karen_languages,https://www.ethnologue.com/language/ksw,Myanmar,Myanmar and across the border into Thailand,Asia,Myanmar Western Thailand,,3 (Wider communication),Myanmar Baptist Church 7927 78th Ave Glendale NY 11386,religious,ksw,sgaw1245,17.99,97.71,safe
213,Jackson Heights,Khalkha Mongolian,,,,Mongolia,,Asia,,,,81st and Roosevelt Ave,,khk,,,,
55,Elmhurst,Kham Tibetan,,https://en.wikipedia.org/wiki/Khams_Tibetan,https://www.ethnologue.com/language/khg,Nepal,China; Bhutan,Asia,NULL,,6a (Vigorous),restaurant near Elmhurst Hospital,restuarant,khg,kham1281,31.93,91.71,threatened
226,Jackson Heights,Kichwa,,,,Ecuador,,South America,,,,,,qxr,,,,
181,Woodside,Kinaray-a,,https://en.wikipedia.org/wiki/Karay-a_language,https://www.ethnologue.com/language/krj,Philippines,Philippines,Asia,Antique Iloilo and other provinces of Panay,Kinaray-a came from the word iraya which refers to a group of people residing in the mountain areas of Antique province.,1 (National),,,krj,kina1250,10.8131,122.297,safe
81,Flushing,Konkani,,https://en.wikipedia.org/wiki/Konkani_language,https://www.ethnologue.com/language/knn,India,Pakistan ,Asia,Konkan Kerala and Daman and Diu,During Portuguese rule many Konkani speakers migrated to Uganda Kenya Persian Gulf Portugal and Pakistan.,2 (Provincial),Goan Association of New York,community center,knn,konk1267,19.2414,73.9166,safe
78,Flushing,Korean,,https://en.wikipedia.org/wiki/Korean_language,https://www.ethnologue.com/language/kor,Republic of Korea,Democratic People's Republic of Korea,Asia,Korean Peninsula Southeast Asia parts of China Japan Russia and the United States,Since the Korean War 70 years of separation of created North-South differences in Standard Korean.,1 (National),Northern Boulevard,neighborhood,kor,kore1280,37.5,128,safe
227,Sunnyside,Kurt_p,,,,Bhutan,,Asia,,,,Bhutan Corner 4545 47th St,shop,xkz,,,,
107,Jackson Heights,Kyirong,,https://en.wikipedia.org/wiki/Kyirong-Kagate_language,https://www.ethnologue.com/language/kgy,Nepal,Tibet,Asia,Where Nepal borders Tibet,,6a (Vigorous),Kyirong Kyidug (75th and Northern Boulevard),community center,kgy,kyer1238,28.29,85.43,threatened
21,Astoria,Levantine Arabic,,https://en.wikipedia.org/wiki/Levantine_Arabic,,Lebanon,NULL,Middle East,NULL,,1 (National),Rawsheh,restaurant,,nort3139,34.17,36.05,safe
102,Jackson Heights,Lhasa Tibetan,,https://en.wikipedia.org/wiki/Standard_Tibetan,https://www.ethnologue.com/language/bod,Tibet,China; Nepal; India,Asia,Tibet Autonomous Region Upper Mustang (Nepal),,1 (National),Lhasa Fast Food,restaurant,bod,tibe1272,28.37,90.19,safe
20,Astoria,Libyan Arabic,,https://en.wikipedia.org/wiki/Libyan_Arabic,https://www.ethnologue.com/language/ajp,Jordan,NULL,Middle East,NULL,,1 (National),Laziza,restaurant,ajp,sout3123,31.56,38.08,safe
194,Ozone Park,Ligurian,,https://en.wikipedia.org/wiki/Ligurian_(Romance_language),https://www.ethnologue.com/language/lij,Italy,,Europe,,"Ligurian has almost 500,000 native speakers and is still widely spoken by many in Genoa and in many of the small towns and villages in the region.",5 (Developing),,,lij,ligu1248,44.0816,7.90522,definitely endangered
151,Ridgewood,Ligurian,,https://en.wikipedia.org/wiki/Ligurian_(Romance_language),https://www.ethnologue.com/language/lij,Italy,Italy,Europe,Liguria (Northern Italy),There are several groups dedicated to the preservation of the langauge. There is also a long literary tradition in the language dating back to the 13th century up to the present,5 (Developing),,,lij,ligu1248,44.0816,7.90522,definitely endangered
105,Jackson Heights,Limbu,,https://en.wikipedia.org/wiki/Limbu_language,https://www.ethnologue.com/language/lif,Nepal,,Asia,Eastern Nepal Darjeeling district of India,,5 (Developing),Kirat Manghim Mangkhim Community Center - 77th and Roosevelt Ave,community center,lif,limb1266,27.2703,87.8859,definitely endangered
52,Elmhurst,Limi,,https://en.wikipedia.org/wiki/Limi#Language_.26_Speach,https://www.ethnologue.com/language/ylm,China,Nepal,Asia,Southwestern,,6a (Vigorous),,,ylm,limi1243,24.469,100.073,safe
125,Maspeth,Lithuanian,,https://en.wikipedia.org/wiki/Lithuanian_language,https://www.ethnologue.com/language/lit,Lithuanian,Poland,Europe,Lithuania and surrounding border,,1 (National),Transfiguration church (64-14 Clinton Avenue),religious,lit,lith1251,55.1429,23.9601,safe
146,Ridgewood,Lombard,,https://en.wikipedia.org/wiki/Lombard_language,https://www.ethnologue.com/language/lmo,Italy,Switzerland,Europe,Northern Italy,,6a (Vigorous),,,lmo,lomb1257,45.8817,9.39509,definitely endangered
142,Ridgewood,Macedonian,,https://en.wikipedia.org/wiki/Macedonian_language,https://www.ethnologue.com/language/mkd,Republic of Macedonia,Albania; Bulgaria; Greece; Serbia; Romania,Europe,Balkans,,1 (National),,,mkd,mace1250,41.5957,21.7932,safe
49,Elmhurst,Madurese,,https://en.wikipedia.org/wiki/Madurese_language,https://www.ethnologue.com/language/mad,Indonesia,Java; Bali,Asia,,Madurese was traditionally written in the Javanese script but the Latin script and the Pegon script (based on Arabic script) is now more commonly used. The number of speakers though shrinking is estimated to be 8-13 million making it one of the most widely spoken languages in Indonesia.,5 (Developing),Al-Hikmah Mosque,religious,mad,nucl1460,-7,113,safe
169,Woodside,Magar,,https://en.wikipedia.org/wiki/Magar_language,https://www.ethnologue.com/language/mgp,Nepal,India,Asia,(Nepal) Southern Bhutan Darjeeling and Sikkim India,,6b (Threatened),Walung Community Of North America,community center,mgp,east2352,27.41,87.06,vulnerable
44,Elmhurst,Makassarese,,https://en.wikipedia.org/wiki/Makassarese_language,https://www.ethnologue.com/language/mak,Indonesia,NULL,Asia,Sulawese,,6b (Threatened),Al-Hikmah Mosque,religious,mfp,maka1305,-5.16,119.41,critically endangered
232,Elmhurst,Malay,,,,Malaysia,,Asia,,,,,,,,,,
63,Floral Park,Malayalam,,https://en.wikipedia.org/wiki/Malayalam,https://www.ethnologue.com/language/mal,India,,Asia,Kerala,Malayalam speakers tend to be highly multilingual as per the 1991 census data 29% of all Malayalam speakers in India spoke a second language and 20% of the total knew three or more languages.,2 (Provincial),Hillsdale Ave. and Little Neck Parkway,neighborhood,mal,mala1464,9.59208,76.7651,safe
13,Astoria,Maltese,,https://en.wikipedia.org/wiki/Maltese_language,https://www.ethnologue.com/language/mlt,Malta,,Europe,,Maltese is a Semitic language that evolved independently of literary Arabic and was heavily influenced by Italian and Sicilian and written in Latin script.,1 (National),Maltese Center 2720 Hoyt Ave S Astoria NY 11102,community center,mlt,malt1254,35.8884,14.4508,safe
26,Corona,Mam,,https://en.wikipedia.org/wiki/Mam_language,https://www.ethnologue.com/language/mam,Guatemala,,South America,,,4 (Educational),,,mam,mamm1241,14.8034,language,safe
189,Rego Park,Mamuju,http://elalliance.org/languages/other/mamuju/,https://en.wikipedia.org/wiki/Mamuju_language,https://www.ethnologue.com/language/mqx,Indonesia,,Asia,Sulawesi,,6b (Threatened),Al-Hikmah Mosque,religious,mqx,mamu1255,-2.50762,119.082,safe
60,Elmhurst,Mamuju,,https://en.wikipedia.org/wiki/Mamuju_language,https://www.ethnologue.com/language/mqx,Indonesia,,Asia,Sulawesi,"At Astoria's Al-Hikmah Mosque, one can find many of Indonesia's estimated 706 languages-from larger regional tongues like Javanese to smaller languages like Mamuju, which may have only a single speaker in the United States.",6b (Threatened),Al-Hikmah Mosque,religious,mqx,mamu1255,-2.50762,119.082,safe
159,Hunters Point-Sunnyside-West Maspeth,Manang,,https://en.wikipedia.org/wiki/Manang_language,https://www.ethnologue.com/language/nmm,Nepal,Nepal,Asia,Manang District (Nepal),,6b (Threatened),NULL,NULL,nmm,mana1288,28.64,84.05,definitely endangered
196,Forest Hills,Mandarin,,https://en.wikipedia.org/wiki/Mandarin_Chinese,https://www.ethnologue.com/language/cmn,China,NULL,ASia,NULL,,1 (National),,,cmn,mand1415,,,safe
65,Flushing,Mandarin,,https://en.wikipedia.org/wiki/Mandarin_Chinese,https://www.ethnologue.com/language/cmn,China,NULL,ASia,NULL,,1 (National),Flushing Main St,neighborhood,cmn,mand1415,40.02,116.23,safe
156,St. Albans,Mandinka,,https://en.wikipedia.org/wiki/Mandinka_language,https://www.ethnologue.com/language/mnk,Senegal,the Gambia; Guinea-Bissau,Africa,Casamance (Senegal),,5 (Developing),Obi-Igbo Community Center at 190-01 Linden Blvd,community center,mnk,mand1436,12.81652333,-15.65394667,safe
171,Woodside,Maranao,,https://en.wikipedia.org/wiki/Maranao_language,https://www.ethnologue.com/language/mrw,Philippines,Malaysia,Asia,Twin provinces of Lanao del Norte and Lanao del Sur Provines of Sultan Mardan other regions of Philippines,Maranao was perviously written in Arabic script though it is now written in Latin script. ,4 (Educational),"Magar Association USA 3432 59th St Suite 1Woodside",community center,mrw,mara1404,7.79414,124.175,safe
62,Floral Park,Marathi,,https://en.wikipedia.org/wiki/Marathi_language#Marathi_Language_Day,https://www.ethnologue.com/language/mar,India,,Asia,,"Marathi Language Day (Marathi Din Marathi Diwas is celebrated every year across the Indian states of Maharashtra and Goa every year on February 27, the birthday of the eminent Marathi poet Vi. Va. Shirwadkar.",2 (Provincial),Mumbai Xpress,restuarant,mar,mara1378,17.9344,76.6665,safe
121,Little Neck,Matinecock,,https://en.wikipedia.org/wiki/Metoac,NULL,Long Island NY,NULL,North America,NULL,Native American Language from Long Island. The village is named for this tribe. Surely thousands of people who spoke this language are buried at Zion Church though there are only 13 names listed.,Unknown,Zion Episcopal Church,religious,alq,algo1255,47.39,-77.53,critically endangered
211,Corona,Mazahua,,,,Mexico,,North America,,,,,,maz,,,,
185,Elmhurst,Mazatec,,https://en.wikipedia.org/wiki/Mazatecan_languages,https://www.ethnologue.com/language/mau,Mexico,NULL,North America,Oaxaca Puebla Veracruz,Most Mazatec communities employ forms of whistle speech in which linguistic utterances are produced by whistling the tonal contours of words and phrases. Mazatec languages lend themselves very well to becoming whistling languages because tone means so much in Mazatec grammar and semantics.,6a (Vigorous),NULL,NULL,mau,huau1238,18.26,-96.72,threatened
34,Corona,Mazatec,,https://en.wikipedia.org/wiki/Mazatecan_languages,https://www.ethnologue.com/language/mau,Mexico,NULL,North America,Oaxaca Puebla Veracruz,Most Mazatec communities employ forms of whistle speech in which linguistic utterances are produced by whistling the tonal contours of words and phrases. Mazatec languages lend themselves very well to becoming whistling languages because of the high functional load of tone in Mazatec grammar and semantics.,6a (Vigorous),NULL,NULL,mau,huau1238,18.26,-96.72,threatened
212,Flushing,Meithei,,,,India,,Asia,,,,"International Manipuri Association, 136-04 Cherry Avenue, Flushing New York",club,mni,,,,
48,Elmhurst,Minangkabau,,https://en.wikipedia.org/wiki/Minangkabau_language,https://www.ethnologue.com/language/min,Indonesia,Sumatra; Malaysia,Asia,,Minangkabau is a lingua franca along the western coastal region of the province of North Sumatra and is even used in parts of Aceh where the language is also called Aneuk Jamee.,5 (Developing),Upi Jaya,restaurant,min,mina1268,4.17,96.25,safe
24,Corona,Mixe,http://elalliance.org/languages/meso-america/mixe/,https://en.wikipedia.org/wiki/Mixe_languages,https://www.ethnologue.com/subgroups/mixean,Mexico,NULL,North America,Oaxaca,Mixe is a language group rather than one individual language.,5 (Developing),NULL,NULL,mzl,maza1292,17.02,-95.28,threatened
25,Corona,Mixtec,http://elalliance.org/languages/meso-america/mixtec/,https://en.wikipedia.org/wiki/Mixtec_language,https://www.ethnologue.com/language/miy,Mexico,NULL,North America,Guerrero Oaxaca Puebla,There has been widespread migration across Mexico of Mixtec speakers resulting in large diasporic communities.,6a (Vigorous),NULL,NULL,mxv,metl1238,17.05,-98.35,threatened
163,Hunters Point-Sunnyside-West Maspeth,Moldavian,,https://en.wikipedia.org/wiki/Moldovan_language,NULL,Moldova,Transnistria,Europe,Moldova,The name Moldavian was adopted for the use of Romanian in Moldova due to years of domination by the Soviet Union.,1 (National),Turkish Cultural Center Queens,community center,rmn,balk1252,42.67,21.17,safe
89,Glendale,Mon,,https://en.wikipedia.org/wiki/Mon_language,https://www.ethnologue.com/language/mnw,Myanmar,Thailand,Asia,Irrawaddy Delta and east,"Though Mon is still passed on to the younger generation orally, few young Mon speakers are able to read and write in the language. ",5 (Developing),Myanmar Baptist Church 7927 78th Ave Glendale NY 11388,religious,mnw,monn1252,15.49394,98.122465,vulnerable
112,Jackson Heights,Mugom,,https://en.wikipedia.org/wiki/Mugom_dialect,https://www.ethnologue.com/language/mou,Nepal,India,Asia,Karneli Zone Muga district Jumla district,,6a (Vigorous),Mugum Welfare Association Inc. 74-22 37th Avenue B-1,community center,muk,mugo1238,30.8983,79.4664,safe
170,Woodside,Mugu,,https://en.wikipedia.org/wiki/Mugu_District,https://www.ethnologue.com/language/muk,Nepal,NULL,Asia,Mugu district,NULL,6a (Vigorous),Hyolmo Society of America 4045 68th Street Woodside NY,community center,muk,mugo1238,30.9,79.47,vulnerable
99,Jackson Heights,Mustangi (Loke),http://elalliance.org/languages/himalayas/mustangi/,https://www.ethnologue.com/language/loy,https://www.ethnologue.com/language/loy/18,Nepal,n/a,Asia,Western Nepal,,6a (Vigorous),"Mustang Kyidug 40-08 76th StJackson Heights New York",community center,loy,lowa1242,29.03,83.9,vulnerable
32,Corona,Nahuatl,http://elalliance.org/languages/meso-america/nahuatl/,https://en.wikipedia.org/wiki/Nahuatl,https://www.ethnologue.com/language/nhn,Mexico,NULL,North America,NULL,,6b (Threatened),NULL,NULL,azz,high1278,20.16,-97.56,vulnerable
140,Ridgewood,Neapolitan,http://elalliance.org/languages/italian/neapolitan/,https://en.wikipedia.org/wiki/Neapolitan_language ,https://www.ethnologue.com/language/nap,Italy,Italy,Europe,Southern continental Italy,"Due to massive southern Italian migration in the 20th century, there are large numbers of speakers in Italian diaspora communities like New York.",5 (Developing),NULL,NULL,nap,neap1235,39.23,16.42,safe
101,Jackson Heights,Nepali,,https://en.wikipedia.org/wiki/Nepali_language,https://www.ethnologue.com/language/npi,Nepal,Bhutan; India; Myanmar,Asia,East and adjacent south central regions,,1 (National),NULL,NULL,npi,nepa1254,26.72057,86.00255,safe
98,Jackson Heights,Newari,,https://en.wikipedia.org/wiki/Newar_language,https://www.ethnologue.com/language/new,Nepal,,Asia,Kathmandu Valley,An increase in emigration has lead to Newar-speaking populations in the US the UK Australia and Japan,4 (Educational),"New York Newa Guthi 3719 74th StJackson Heights NY 11372",community center,new,newa1246,27.2614,84.9577,definitely endangered
135,Ridgewood,Nones,http://elalliance.org/languages/italian/nones/,https://en.wikipedia.org/wiki/Nones_dialect,https://www.ethnologue.com/language/lld,Italy,Italy,Europe,Non Valley northern Italy,"It is estimated that around 3,0000 persons speak Nones, most of whom live in the Non Valley Rabbi Valley and the low Sole Valley.",6b (Threatened),Club Trentino,club,lld,ladi1250,46.60651,11.89498,definitely endangered
214,Astoria,North African Arabic,,,,,,Africa,,,,Steinway Street and 25th Ave,,,,,,
59,Elmhurst,Nubri,,https://en.wikipedia.org/wiki/Central_Tibetan_language,https://www.ethnologue.com/language/KTE/***EDITION***,Nepal,,Asia,,,6a (Vigorous),Nubri Association 8342 Dongan Ave,community center,kte,nubr1241,28.5092,84.7772,definitely endangered
215,Douglaston,Okinawan,,,,Japan,,Asia,,,,,,ryu,,,,
77,Flushing,Oriya,,https://en.wikipedia.org/wiki/Odia_language,https://www.ethnologue.com/language/ori,India,India,Asia,Eastern India Bangladesh Indonesia,Oriya is mainly spoken in the state of Odisha but there are sizable populations throughout India and Southeast Asia including Burma and Fiji.,2 (Provincial),Hindu Temple Society of North America,religious,ory,oriy1255,21.26,86.68,safe
27,Corona,Otomi ,,https://en.wikipedia.org/wiki/Otomi_language,https://www.ethnologue.com/language/otm,Mexico,NULL,North America,NULL,,5 (Developing),NULL,NULL,ote,mezq1235,20.23,-99.56,definitely endangered
180,Woodside,Pangasinan,,https://en.wikipedia.org/wiki/Pangasinan_language,https://www.ethnologue.com/language/pag,Philippines,Philippines,Asia,Ilocos Region Central Luzon,There are around 2 million Pangasinan speakers in the Phillipines most of whom live in Pangasinan and neighboring provinces.,3 (Wider communication),,,pag,pang1290,15.9377,120.365,safe
79,Flushing,Pashto,,https://en.wikipedia.org/wiki/Pashto,https://www.ethnologue.com/language/pbt,Afghanistan,Pakistan; Iran,Asia,Large parts of Afghanistan and neighboring areas in Pakistan and Iran,There are three main varieties of Pashto: Northern Pashto spoken mainly in Pakistan; Southern Pashto spoken mainly in Afghanistan; and Central Pashto spoken mainly in Pakistan.,1 (National),Hazrat-I-Abubaker Sadiq mosque,religious,pbu,nort2646,34,71.33,safe
216,St. Albans,Patois (Jamaica),,,,Jamaica,,,,,,,,jam,,,,
158,St. Albans,Patois (Trinidad),,https://en.wikipedia.org/wiki/Trinidadian_Creole,https://www.ethnologue.com/language/acf,Trinidad and Tobago,French Antilles; Dominica; Saint Lucia; Grenada,South America,Lesser Antilles,,7 (Shifting),NULL,NULL,trf,trin1276,10.42,-61.42,safe
118,Flushing,Persian,,https://en.wikipedia.org/wiki/Persian_language,https://www.ethnologue.com/language/pes,Iran,Afghanistan (known as Dari); Tajikistan (known as Tajik); Uzbekistan; Iraq; Russia; Azerbaijan,Middle East,Western Asia Central Asia,Historically Persian has had a considerable influence on neighboring languages including the Turkic languages in Central Asia Caucusus and Anantolia,1 (National),"Imam Al-Khoei Islamic Center, 89-89 Van Wyck Expressway, Jamaica, NY",religious,pes,west2369,28.6593,55.1586,safe
28,Corona,Peruvian Quechua,,https://en.wikipedia.org/wiki/Quechuan_languages,https://www.ethnologue.com/subgroups/quechuan,Peru,NULL,South America,NULL,Approximately 13% of Peruvians speak Quechua and it was the main language of the Inca Empire.,3 (Wider communication),Terraza 7,performance group,qwh,huay1240,-9.38709,-77.7768,safe
195,Ozone Park,Piedmontese,,https://en.wikipedia.org/wiki/Piedmontese_language,https://www.ethnologue.com/language/pms,Italy,Italy,Europe,Northwest Italy,In 2004 Piedmontese was recognized as Piedmont's regional language by the regional parliament but Italy has not done such.,7 (Shifting),NULL,NULL,pms,piem1239,45.4633,8.32366,definitely endangered
148,Ridgewood,Piedmontese,,https://en.wikipedia.org/wiki/Piedmontese_language,https://www.ethnologue.com/language/pms,Italy,Italy,Europe,Northwest Italy,In 2004 Piedmontese was recognized as Piedmont's regional language by the regional parliament but Italy has not recognized it.,7 (Shifting),NULL,NULL,pms,piem1238,45.4633,8.32366,definitely endangered
123,Maspeth,Polish,,https://en.wikipedia.org/wiki/Polish_language,https://www.ethnologue.com/language/pol,Poland,Slovakia; Czech Republic; Germany; Hungary; elsewhere in Central Europe,Europe,Central Europe (in and around Poland),,1 (National),,,pol,poli1260,51.8439,18.6255,safe
5,Astoria,Pontic Greek,,https://en.wikipedia.org/wiki/Pontic_Greek,https://www.ethnologue.com/language/pnt,Greece,NULL,Europe,NULL,Ethnologue reports that speakers in N. America may use Pontic Greek more zealously than in other places.,6a (Vigorous),Pontion Society Komninoi of N.Y. located at 31-25 23rd Ave Astoria N.Y,community center,pnt,pont1253,41.27,36.1,definitely endangered
115,Jamaica,Portuguese,,https://en.wikipedia.org/wiki/Portuguese_language,https://www.ethnologue.com/language/por,Portugual,Brazil; Cape Verde; Angola; Mozambique; other Lusophone countries,Europe,Portugal islands on the west coast of Africa parts of southern Africa South America,,1 (National),Portuguese Recreation Club 147-25 Liberty Ave; Jamaica New York 11435,club,por,port1283,39.91,-8.1,safe
130,Richmond Hill,Punjabi,,https://en.wikipedia.org/wiki/Punjabi_language,https://www.ethnologue.com/language/pan,Pakistan,India; UK; USA; UAE; other countries,Asia,Punjab region (northern part of South Asia) other parts of the world,Punjabi is the most widely spoken language in Pakistan and the third-most spoken native language in the Indian Subcontinent.,2 (Provincial),Gurdwara Sikh Cultural Society,religious,pan,panj1256,30.0368,75.6702,safe
139,Ridgewood,Roma,,https://en.wikipedia.org/wiki/Romani_language,https://www.ethnologue.com/language/rmm,Romania,Throughout Europe,Europe,Exclusively in Europe,The number of Romani speakers is difficult to determine but it is likely the largest minority language in the EU,6a (Vigorous),Teaven Bahtale (former),community center,rmm,roma1332,-7.58643,127.428,safe
139,Ridgewood,Roma,,https://en.wikipedia.org/wiki/Romani_language,https://www.ethnologue.com/language/rmm,Romania,Throughout Europe,Europe,Exclusively in Europe,The number of Romani speakers is difficult to determine but it is likely the largest minority language in the EU,6a (Vigorous),Teaven Bahtale (former),community center,rmy,vlax1238,46.8191,14.8451,definitely endangered
162,Hunters Point-Sunnyside-West Maspeth,Romanian,,https://en.wikipedia.org/wiki/Romanian_language,https://www.ethnologue.com/language/ron,Romania,Moldova,Europe,Romania and bordering area,,2 (Provincial),Romanian Garden,restaurant,ron,roma1327,,,safe
144,Ridgewood,Romanian,,https://en.wikipedia.org/wiki/Romanian_language,https://www.ethnologue.com/language/ron,Romania,Moldova,Europe,Romania and bordering area,,1 (National),Romanian Center NYC 59-15 Catalpa Avenue,community center,ron,roma1327,46.3913,24.2256,safe
199,Rego Park,Roshani,,,,Tajikistan,,Asia,Pamir,,,"Ismaili Jamatkhana 92-68 Queens Blvd. Rego Park, NY",religious,,,,,
126,Rego Park,Russian,,https://en.wikipedia.org/wiki/Russian_language,https://www.ethnologue.com/language/rus,Russia,Belarus; Kazakhstan; Kyrgyzstan; Ukraine,Europe,Eastern Europe Central Asia and Western Asia,,1 (National),,,rus,russ1263,59,50,safe
76,Flushing,Sanskrit,,https://en.wikipedia.org/wiki/Sanskrit,https://www.ethnologue.com/language/san,India,,Asia,,Sanskrit is the primary liturgical language of Hinduism; a philosophical language of Hinduism Buddhism and Jainism; and a literary language and lingua franca of ancient and medieval South Asia.,4 (Educational),Hindu Temple Society of North America,religious,san,sans1269,20,77,safe
46,Elmhurst,Sasak,,https://en.wikipedia.org/wiki/Sasak_people#Language,https://www.ethnologue.com/language/sas,Indonesia,,Asia,Lombak,"Sasak has a system of speech levels in which different words are used depending on the social level of the addressee relative to the speaker, similar to neighbouring Javanese and Balinese.",5 (Developing),Al-Hikmah Mosque,religious,sas,sasa1249,-8.58349,116.284,safe
143,Ridgewood,Serbian,,https://en.wikipedia.org/wiki/Serbian_language,https://www.ethnologue.com/language/srp,Serbia,Bosnia and Herzegovina; Montenegro; Croatia,Europe,Serbia and neighborhing regions,,1 (National),Etno Restaurant,restaurant,srp,serb1264,44.3238,21.9192,definitely endangered
10,Astoria,Serbian,,https://en.wikipedia.org/wiki/Serbian_language,https://www.ethnologue.com/language/srp,Serbia,Bosnia and Herzegovina; Montenegro; Croatia,Europe,Serbia and neighborhing regions,,1 (National),Cevabdzinica Sarajevo,restaurant,srp,serb1264,44.3238,21.9192,definitely endangered
217,Glendale,Shan,,,,Myanmar,,Asia,,,,,,shn,,,,
106,Jackson Heights,Sherpa,,https://en.wikipedia.org/wiki/Sherpa_language,https://www.ethnologue.com/language/xsr,Nepal,China; India,Asia,Solukhumbu district and around Mt Everest Sikkim (northeastern state of India),"There are around 200,000 Sherpa speakers in Nepal with around 20,000 in India and less than 1,000 in China",5 (Developing),United Sherpa Association,community center,xsr,sher1255,27.674,86.9994,vulnerable
33,Corona,Shuar,,https://en.wikipedia.org/wiki/Shuar_language,https://www.ethnologue.com/language/jiv,Ecuador,,South America,,The geographical remoteness within the Ecuadorian rainforest isolates the Shuar and has widely scattered the people from one another. As a result in the late 1960s radio schools were formed to promote communication and education in both Spanish and Shuar. This inadvertently transformed into a language revitalization initiative for Shuar. Radio schools were shut down in 2001 and replaced with formal bilingual in-class teaching.,5 (Developing),,,jiv,shua1257,,,definitely endangered
198,Rego Park,Shughni,http://elalliance.org/languages/iranic/shughni/,,,Tajikistan,,Asia,Pamir,,,"Ismaili Jamatkhana 92-68 Queens Blvd. Rego Park, NY",religious,sgh,,,,
69,Flushing,Sichuanese,,https://en.wikipedia.org/wiki/Sichuanese_dialects,https://www.ethnologue.com/language/iii,China,NULL,Asia,Sichuan Yunnan,,4 (Educational),Chinese Community Center,community center,iii,sich1238,28.1947,102.121,safe
136,Ridgewood,Sicilian,http://elalliance.org/languages/italian/sicilian/,https://en.wikipedia.org/wiki/Sicilian_language,https://www.ethnologue.com/language/scn,Italy,Italy,Europe,Sicily Calabria Campania Apulia,Sicily has been a meeting place trading post and site of conquest and interaction for many different cultures and languages. As a result it has a diverse set of linguistic influences,5 (Developing),Societa Concordia Partanna,club,scn,sici1248,37.5735,14.0414,vulnerable
93,Woodside,Sindhi,,https://en.wikipedia.org/wiki/Sindhi_language,https://www.ethnologue.com/language/snd,Pakistan,India,Asia,Sindh province other provinces in Pakistan and India,The Sindhi language is especially noted for its extremely rich body of folk literature.,2 (Provincial),Satya Narayan Mandir,religious,snd,sind1272,26,69,safe
218,Queens Village,Sinhalese,,,,Sri Lanka,,Asia,,,,"New York Buddhist Vihara, 214-22 Spencer Avenue, Parkside Hills, New York",religious,sin,,,,
16,Astoria,Slovak,,https://en.wikipedia.org/wiki/Slovak_language,https://www.ethnologue.com/language/slk,Slovakia,Czech Republic; Poland; Hungary,Europe,,Slovak is the official language of Slovakia where it is spoken by approximately 5.51 million people though there is a large diasporic community as well.,1 (National),Bohemian Beer Hall,restaurant,slk,slov1269,48.545705,18.78479,vulnerable
145,Ridgewood,Slovenian,,https://en.wikipedia.org/wiki/Slovene_language,https://www.ethnologue.com/language/slv,Slovenia,Italy; Austria; Croatia; Hungary,Europe,Slovenia and bordering area,National independence has revitalized the language: since 1991 when Slovenia gained independence Slovene has been used as an official language in all areas of public life.,1 (National),Gottscheer Hall,club,slv,slov1268,46.2543,14.7766,definitely endangered
82,Forest Hills,Southern Mongolian,,https://en.wikipedia.org/wiki/Mongolian_language,https://www.ethnologue.com/language/mon,Mongolia,Inner Mongolia; certain provinces in China,Asia,East Asia particularly Mongolia and China,Mongolian has co-official language status in the People's Republic of China notably in the Inner Mongolian Autonomous Region,1 (National),Southern Mongolian Human Rights Information Center: 104-70 Queens Blvd Ste 312 Forest Hills New York 11375.,community center,mvf,halh1238,48.32,106.29,safe
223,Astoria,Spanish,,,,Spain,,Europe,,,,,,,,,,
222,Corona,Spanish,,,,Mexico,Ecuador,South America,,,,,,,,,,
131,Richmond Hill,Sranan Tongo,,https://en.wikipedia.org/wiki/Sranan_Tongo,https://www.ethnologue.com/language/srn,Suriname,French Guiana and Suriname,South America,Northeastern coast of South America,Sranan Tongo evolved as a Creole language incorporating influences of West and Central African languages as well as Dutch and English. ,3 (Wider communication),Liberty Avenue and 128th St. Also Radio Fawaka in Jamaica Sranan Dei in Roy Wilkins Park,neighborhood,srn,sran1240,5.83,language,safe
47,Elmhurst,Sundanese,,https://en.wikipedia.org/wiki/Sundanese_language,https://www.ethnologue.com/subgroups/sundanese,Indonesia,,Asia,Western Java,Sundanese is the native language of about 39 million people from the western third of Java or about 15% of the Indonesian population.,5 (Developing),Al-Hikmah Mosque,religious,sun,sund1252,-6.89708,107.106,safe
57,Elmhurst,Sunwar,,,https://www.ethnologue.com/language/suz,Nepal,NULL,Asia,NULL,"Sunwar belongs to the Kiranti (Rai) branch of the Tibeto-Burman language family, which consists of some 32 languages spoken in eastern Nepal in the general area bordered by the Likhu river on the west side and Darjeeling and Sikkim on the eastern side.",6b (Threatened),"Sunwar Organization of America 40-08 76StElmhurst New York",community center,suz,clas1252 ??,10.85??,76.27??,critically endangered
64,Floral Park,Syro-Malabar Syriac,,https://en.wikipedia.org/wiki/Syriac_language,https://www.ethnologue.com/language/syc,India,NULL,Asia,NULL,Syro-Malabar Syriac is a versian of Syriac (originally Aramaic) that has been used for religious purposes in the Syro-Malabar Church of southern India.,9 (Dormant),Our Lady of the Snows Church,religious,syc,clas1252,10.85,76.27,critically endangered
172,Woodside,Tagalog,,https://en.wikipedia.org/wiki/Tagalog_language,https://www.ethnologue.com/language/tgl,Philippines,Philippines,Asia,Central and Southern Luzon,Tagalog is spoken as a first language by a quarter of the population of the Philippines and as a second language by many more.,1 (National),,,tgl,taga1270,14.06,121.747,safe
73,Flushing,Taishanese,,https://en.wikipedia.org/wiki/Taishanese,https://www.ethnologue.com/language/yue,China,https://en.wikipedia.org/wiki/Taishanese,Asia,Taishan,The Taishan region was a major source of Chinese immigrants in the Americas from the mid-19th and late-20th centuries.,2 (Provincial),Chinese Community Center,community center,yue,yuec1235,23,113,safe
66,Flushing,Taiwanese,,https://en.wikipedia.org/wiki/Taiwanese_Hokkien,https://www.ethnologue.com/language/nan,Taiwan,NULL,Asia,NULL,NULL,1 (National),Taiwan Center,community center,nan,minn1241,24.5,118.17,vulnerable
128,Rego Park,Tajik,,https://en.wikipedia.org/wiki/Tajik_language,https://www.ethnologue.com/language/tgk,Tajikistan,Afghanistan; Uzbekistan; Kyrgyzstan; Kazakhstan; Pakistan,Asia,Central Asia,After the fall of the Soviet Union and Tajikistan's independence in 1991 the government of Tajikistan has made substantial efforts to promote the use of Tajik in all spheres of public and private life.,1 (National),108th St,neighborhood,tgk,taji1245,38.8213,68.5549,safe
53,Elmhurst,Tamang,,https://en.wikipedia.org/wiki/Tamang_people,https://www.ethnologue.com/language/taj,Nepal,NULL,Asia,NULL,,6a (Vigorous),Tamang Society of America 43-14 60th St,community center,taj,east2347,27.3239,87.0832,vulnerable
221,Astoria,Tamazight,,,,Morocco,,Africa,,,,Steinway Street and 25th Ave,,tzm,,,,
124,Jamaica,Tamil,,https://en.wikipedia.org/wiki/Tamil_language,https://www.ethnologue.com/language/tam,India,Sri Lanka,Asia,Southeastern India close to Sri Lanka and Sri Lanka,"A recorded Tamil literature has been documented for over 2,000 years. There are also sizable Tamil speaking populations in Southeast Asia",2 (Provincial),"Tamil Sangam, 17684 80th Rd, Jamaica, NY 11432",community center,tam,tami1289,,,safe
219,Astoria,Tarifit,,,,Morocco,,Africa,,,,Steinway Street and 25th Ave,,rif,,,,
220,Astoria,Tashelhyt,,,,Morocco,,Africa,,,,Steinway Street and 25th Ave,,shi,,,,
116,Jamaica,Tedim Chin,,https://en.wikipedia.org/wiki/Tedim_language,https://www.ethnologue.com/language/ctd,Burma,India,Asia,Northern Myanmar India Central Myanmar,,5 (Developing),,,ctd,tedi1235,23.6079,93.519,safe
153,South Ozone Park,Telugu,,https://en.wikipedia.org/wiki/Telugu_language,https://www.ethnologue.com/language/tel,India,India,Asia,Andhra Pradesh Telangana Yanam,The highest concentration of Telugu diaspora speakers is in the United States Central New Jersey,2 (Provincial),Zion House of Worship,religious,tel,telu1262,16.4529,78.7024,safe
186,Elmhurst,Tepehua,,https://en.wikipedia.org/wiki/Tepehua_languages,https://www.ethnologue.com/subgroups/totonacan,Mexico,NULL,North America,Western Central,NULL,6a (Vigorous),NULL,NULL,stp,sout2976,23.1584,-103.983,safe
36,Corona,Tepehua,,https://en.wikipedia.org/wiki/Tepehua_languages,https://www.ethnologue.com/subgroups/totonacan,Mexico,NULL,North America,Western Central,NULL,6a (Vigorous),NULL,NULL,stp,sout2976,23.1584,-103.983,safe
40,Elmhurst,Thai,,https://en.wikipedia.org/wiki/Thai_language,https://www.ethnologue.com/language/tha,Thailand,,Asia,,Nearly all Thai people speak at least one variety of Thai though the written language is based largely on the dominant dialect spoken in Bangkok.,1 (National),Wat Buddha Thai Thavorn Vanaram,religious,tha,thai1261,14.192,100.671,safe
94,Jackson Heights,Thakali,,https://en.wikipedia.org/wiki/Thakali_language,https://www.ethnologue.com/language/ths,Nepal,Nepal,Asia,Myagdi and Mustang districts,,7 (Shifting),Thakali Kitchen,restaurant,ths,thak1245,28.7014,83.6466,vulnerable
190,Woodside,Tibetan,http://elalliance.org/languages/himalayas/tibetan/,https://en.wikipedia.org/wiki/Standard_Tibetan#Scholarship,https://www.ethnologue.com/language/bod,Tibet,Nepal; India; China,Asia,China (Tibet Autonomous Region) Nepal (Upper Mustang),,2 (Provincial),NY/NJ Tibetan Association (Northern Boulevard),community center,bod,tibe1272,28.3681,90.1872,safe
113,Jackson Heights,Tibetan,,https://en.wikipedia.org/wiki/Standard_Tibetan#Scholarship,https://www.ethnologue.com/language/bod,Tibet,Nepal; India; China,Asia,China (Tibet Autonomous Region) Nepal (Upper Mustang),,2 (Provincial),NY/NJ Tibetan Association (Northern Boulevard),community center,bod,tibe1272,28.3681,90.1872,safe
29,Corona,Tlapanec (Me'phaa),http://elalliance.org/languages/meso-america/tlapanec/,https://en.wikipedia.org/wiki/Tlapanec_language,https://www.ethnologue.com/subgroups/tlapanec-subtiaba,Mexico,NULL,North America,Guerrero,,6a (Vigorous),NULL,NULL,tpl,tlac1237,17.3262,-98.8013,safe
45,Elmhurst,Tontemboan,,https://en.wikipedia.org/wiki/Tontemboan_language,https://www.ethnologue.com/language/tnt,Indonesia,,Asia,Sulawese,,6b (Threatened),,,tnt,tont1239,1.24813,124.654,safe
97,Jackson Heights,Topke Gola,,NA,https://www.ethnologue.com/language/ola,Nepal,India,Asia,Eastern,NULL,6b (Threatened),Himalayan Yak,restuarant,ola,walu1241,27.695,87.2374,definitely endangered
30,Corona,Trique,,https://en.wikipedia.org/wiki/Trique_language,https://www.ethnologue.com/subgroups/trique,Mexico,NULL,North America,Oaxaca,There are large Trique communities in both Claifornia and New York.,6a (Vigorous),NULL,NULL,trc,copa1237,17.1541,-97.9826,safe
166,Hunters Point-Sunnyside-West Maspeth,Tshangla,,https://en.wikipedia.org/wiki/Tshangla_language,https://www.ethnologue.com/language/tsj,Bhutan,Arunachal Pradesh; Tibet,Asia,Eastern Bhutan Southeastern Tibet Arunachal Pradesh,,4 (Educational),Baruir,restuarant,tsj,tsha1245,27.3694,91.7741,definitely endangered
108,Jackson Heights,Tsum,,https://en.wikipedia.org/wiki/Kyirong-Kagate_language,https://www.ethnologue.com/language/ttz,Nepal,,Asia,,,6a (Vigorous),,,ttz,tsum1240,28.4719,85.0817,definitely endangered
161,Hunters Point-Sunnyside-West Maspeth,Turkish,,https://en.wikipedia.org/wiki/Turkish_language,https://www.ethnologue.com/language/tur,Turkey,Cyprus; Bulgaria; Macedonia; Greece; Iran; Azerbaijan; Kosovo; Romania; Iraq; Bosnia and Herzegovina. Syria,Asia,Anatolia Balkans Cyprus Mesopotamia Levant Transcaucasia,Following the foundation of modern Turkey the Turkish Language Association was established to among other things initiate language reform to replace Persian and Arabic loanwords with Turkish equivalents.,1 (National),I Love Paraguay,restaurant,tur,nucl1301,39.8667,32.8667,safe
141,Ridgewood,Tuscan,,https://en.wikipedia.org/wiki/Tuscan_dialect,https://www.ethnologue.com/language/ita,Italy,France,Europe,Tuscany and bordering areas,,1 (National),NULL,NULL,ita,ital1282,43.0464,12.6489,safe
187,Elmhurst,Tzotzil,,https://en.wikipedia.org/wiki/Tzotzil_language,https://www.ethnologue.com/language/tzo,Mexico,,North America,,Mayan Language,6b (Threatened),,,tzo,tzot1259,16.6362,language,safe
37,Corona,Tzotzil,,https://en.wikipedia.org/wiki/Tzotzil_language,https://www.ethnologue.com/language/tzo,Mexico,,North America,,,6b (Threatened),,,tzo,tzot1259,16.6362,language,safe
75,Flushing,Uighur,,https://en.wikipedia.org/wiki/Uyghurs#Language,https://www.ethnologue.com/language/uig,China,Kazakhstan,Asia,,Modern Uighur has been written in  Arabic Cyrilic and Latin-based scripts reflecting political changes in the region where it is spoken. ,2 (Provincial),Xinjiang BBQ Cart,restuarant,uig,uigh1240,43.67,79.75,safe
127,Ozone Park,Ukrainian,,https://en.wikipedia.org/wiki/Ukrainian_language,https://www.ethnologue.com/language/ukr,Ukraine,Ukraine,Europe,Ukraine,Since 1991 Ukrainian has been the national language in Ukraine,1 (National),St Mary's Ukrainian Church,religious,ukr,ukra1253,48.175842,24.395786,safe
110,Jackson Heights,Urdu,,https://en.wikipedia.org/wiki/Urdu,https://www.ethnologue.com/language/urd,Pakistan,India,Asia,Pakistan and India,Urdu is the official language of Pakistan and an official langauge of six states in India,1 (National),,,urd,urdu1245,25,67,safe
129,Rego Park,Uzbek,,https://en.wikipedia.org/wiki/Uzbek_language,https://www.ethnologue.com/language/uzb,Uzbekistan,Uzbekistan; Kyrgyzstan; Afghanistan; Kazakhstan; Turkey; Turkmenistan; Tajikistan; Russia; China,Asia,Central Asia,External influences on Uzbek include Persian Arabic and Russian,1 (National),108th St,neighborhood,uzn,nort2690,43.7489,59.231,safe
191,Ozone Park,Vietnamese,,https://en.wikipedia.org/wiki/Vietnamese_language,https://www.ethnologue.com/language/vie,Vietnam,United States,Asia,Vietnam (the South and eastern coast),In the United States Vietnamese is the sixth most spoken language with over 1.5 million speakers who are concentrated in a handful of states.,2 (Provincial),New Land Community Center,community center,vie,viet1252,20.681188,105.774071,safe
152,Ridgewood,Vietnamese,,https://en.wikipedia.org/wiki/Vietnamese_language,https://www.ethnologue.com/language/vie,Vietnam,United States; Czech Republic; Australia,Asia,Vietnam (the South and eastern coast),In the United States Vietnamese is the sixth most spoken language with over 1.5 million speakers who are concentrated in a handful of states.,1 (National),New Land Community Center,community center,vie,viet1252,20.681188,105.774071,safe
14,Astoria,Vlashki,,https://en.wikipedia.org/wiki/Istro-Romanian_language,NA,Croatia,Serbia; Italy,Europe,Istrian Peninsula,Vlashki is a descendant of the language spoken by the Vlachs-nomadic shepherds who migrated from the area around present-day Romania. Queens is home to the largest community of Vlashki speakers outside Croatia.,Unknown,Istria Sports Club,club,ruo,istr1245,45.433,14.2,severely endangered
197,Rego Park,Wakhi,http://elalliance.org/languages/iranic/wakhi/,,,Tajikistan,,Asia,Pamir,,,"Ismaili Jamatkhana 92-68 Queens Blvd. Rego Park, NY",religious,wbl,,,,
167,Woodside,Walung,,https://en.wikipedia.org/wiki/Central_Tibetan_language,https://www.ethnologue.com/language/ola,Nepal,Tibet,Asia,TжЃpleju__† district near the headwaters of the Tamor river,After the Tibetan border closed in 1959 many wealthy Walung families moved to Kathmandu.,6b (Threatened),Bhutan Corner (4545 47th St),shop,ola,walu1241,27.695,87.2374,definitely endangered
177,Woodside,Waray-Waray,,https://en.wikipedia.org/wiki/Waray_language,https://www.ethnologue.com/language/war,Philippines,Philippines,Asia,Eastern Visayas some parts of Masbate and some parts of Sorsogon,Waray-Waray is used in education as part of Philippine government's K-12 program where Kindergarten to 3rd Grade levels are taught in students' native language.,3 (Wider communication),Kabayan ,restaurant,war,wara1300,11.49,125.01,safe
72,Flushing,Wu (Shanghainese),,https://en.wikipedia.org/wiki/Shanghainese,https://www.ethnologue.com/language/wuu,China,NULL,Asia,NULL,In English Shanghainese sometimes refers to all Wu variants as dialects although they are only partially intelligible with one another.,5 (Developing),Chinese Community Center,community center,wuu,wuch1236,29.8621,119.682,safe
71,Flushing,Wu (Wenzhounese),,https://en.wikipedia.org/wiki/Wenzhounese,NA,China,NULL,Asia,NULL,Due to its long history and the isolation of the region in which it is spoken Wenzhounese is so unusual in its phonology that it has the reputation of being the least comprehensible dialect for an average Mandarin speaker,5 (Developing),Faith Bible Church of Flushing133-20 41st Ave.,religious,wuu,wuch1236,29.8621,119.682,safe
74,Flushing,Xiang (Hunanese),,https://en.wikipedia.org/wiki/Xiang_Chinese,https://www.ethnologue.com/language/hsn,China,NULL,Asia,Hunan,,6a (Vigorous),Chinese Community Center,community center,hsn,xian1251,27.66847,111.47112,safe
119,Kew Gardens Hills,Yiddish,,https://en.wikipedia.org/wiki/Yiddish,https://www.ethnologue.com/language/ydd,Israel,Central; Eastern and Western Europe; North America,Middle East,Central Eastern and Western Europe Israel North America,"Yiddish, the traditional language of Ashkenazi Jews, is a Germanic language with elements from Hebrew and Aramaic as well as Slavic and Romance languages.",4 (Educational),Main St. near 73rd Ave.,neighborhood,yih,west2361,51.6889,12.2601,safe
184,Elmhurst,Yucatec Maya,,https://en.wikipedia.org/wiki/Yucatec_Maya_language,https://www.ethnologue.com/language/yua,Belize,Mexico,North America,,Yucatec Maya is an early Mayan Language,5 (Developing),,,yua,yuca1254,18.7757,language,definitely endangered
35,Corona,Yucatec Maya,,https://en.wikipedia.org/wiki/Yucatec_Maya_language,https://www.ethnologue.com/language/yua,Belize,Mexico,North America,,,5 (Developing),,,yua,yuca1254,18.7757,language,definitely endangered
31,Corona,Zapotec,,https://en.wikipedia.org/wiki/Zapotec_languages,https://www.ethnologue.com/language/yua,Mexico,NULL,North America,Oaxaca Veracruz Guerrero Puebla,,5 (Developing),NULL,NULL,zai,isth1244,16.45,-94.84,safe